--------------------------------------------------------
--  Fichier créé - vendredi-mars-24-2017   
--------------------------------------------------------
--------------------------------------------------------
--  DDL for Table CLIENT
--------------------------------------------------------

  CREATE TABLE "USERL3B"."CLIENT" 
   (	"NUMCLIENT" NUMBER(*,0), 
	"NOMCLIENT" VARCHAR2(50 BYTE), 
	"PRENOMCLIENT" VARCHAR2(50 BYTE), 
	"ADRESSE" VARCHAR2(255 BYTE), 
	"CP" NUMBER(5,0), 
	"VILLE" VARCHAR2(100 BYTE), 
	"TELEPHONE" VARCHAR2(25 BYTE), 
	"EMAIL" VARCHAR2(75 BYTE)
   ) PCTFREE 10 PCTUSED 40 INITRANS 1 MAXTRANS 255 NOCOMPRESS LOGGING
  STORAGE(INITIAL 65536 NEXT 1048576 MINEXTENTS 1 MAXEXTENTS 2147483645
  PCTINCREASE 0 FREELISTS 1 FREELIST GROUPS 1 BUFFER_POOL DEFAULT)
  TABLESPACE "USERS" ;
--------------------------------------------------------
--  DDL for Table COMMANDE
--------------------------------------------------------

  CREATE TABLE "USERL3B"."COMMANDE" 
   (	"NUMCOMMANDE" NUMBER, 
	"DATECOMMANDE" NUMBER, 
	"MONTANTCOMMANDEHT" NUMBER, 
	"STATUTCOMMANDE" VARCHAR2(50 BYTE), 
	"NUMCLIENT" NUMBER(*,0)
   ) PCTFREE 10 PCTUSED 40 INITRANS 1 MAXTRANS 255 NOCOMPRESS LOGGING
  STORAGE(INITIAL 65536 NEXT 1048576 MINEXTENTS 1 MAXEXTENTS 2147483645
  PCTINCREASE 0 FREELISTS 1 FREELIST GROUPS 1 BUFFER_POOL DEFAULT)
  TABLESPACE "USERS" ;
--------------------------------------------------------
--  DDL for Table INVENTAIRE
--------------------------------------------------------

  CREATE TABLE "USERL3B"."INVENTAIRE" 
   (	"IDINVENTAIRE" NUMBER(2,0), 
	"DATEINVENTAIRE" CHAR(32 BYTE), 
	"ETATINVENTAIRE" CHAR(32 BYTE)
   ) PCTFREE 10 PCTUSED 40 INITRANS 1 MAXTRANS 255 NOCOMPRESS LOGGING
  STORAGE(INITIAL 65536 NEXT 1048576 MINEXTENTS 1 MAXEXTENTS 2147483645
  PCTINCREASE 0 FREELISTS 1 FREELIST GROUPS 1 BUFFER_POOL DEFAULT)
  TABLESPACE "USERS" ;
--------------------------------------------------------
--  DDL for Table INVENTORISTE
--------------------------------------------------------

  CREATE TABLE "USERL3B"."INVENTORISTE" 
   (	"IDINVENTORISTE" NUMBER(*,0), 
	"NOMINVENTORISTE" CHAR(50 BYTE), 
	"PRENOMINVENTORISTE" CHAR(50 BYTE), 
	"ADRESSEINVENTORISTE" VARCHAR2(255 BYTE), 
	"COMPLEMENTADRESSEINVENTORISTE" VARCHAR2(255 BYTE), 
	"NUMEROTELEPHONEINVENTORISTE" VARCHAR2(11 BYTE), 
	"NUMEROTELEFIXEINVENTORISTE" VARCHAR2(11 BYTE), 
	"MAILINVENTORISTE" VARCHAR2(100 BYTE)
   ) PCTFREE 10 PCTUSED 40 INITRANS 1 MAXTRANS 255 NOCOMPRESS LOGGING
  STORAGE(INITIAL 65536 NEXT 1048576 MINEXTENTS 1 MAXEXTENTS 2147483645
  PCTINCREASE 0 FREELISTS 1 FREELIST GROUPS 1 BUFFER_POOL DEFAULT)
  TABLESPACE "USERS" ;
--------------------------------------------------------
--  DDL for Table LIGNECOMMANDECLIENT
--------------------------------------------------------

  CREATE TABLE "USERL3B"."LIGNECOMMANDECLIENT" 
   (	"NUMCOMMANDE" NUMBER, 
	"REFERENCEPROD" VARCHAR2(50 BYTE), 
	"QUANTITEPRODUIT" NUMBER(*,0), 
	"PRIXVENTE" NUMBER, 
	"CODERETOUR" NUMBER, 
	"MOTIFRETOUR" VARCHAR2(50 BYTE)
   ) PCTFREE 10 PCTUSED 40 INITRANS 1 MAXTRANS 255 NOCOMPRESS LOGGING
  STORAGE(INITIAL 65536 NEXT 1048576 MINEXTENTS 1 MAXEXTENTS 2147483645
  PCTINCREASE 0 FREELISTS 1 FREELIST GROUPS 1 BUFFER_POOL DEFAULT)
  TABLESPACE "USERS" ;
--------------------------------------------------------
--  DDL for Table PARTICIPER
--------------------------------------------------------

  CREATE TABLE "USERL3B"."PARTICIPER" 
   (	"IDINVENTAIRE" NUMBER(2,0), 
	"IDINVENTORISTE" NUMBER(2,0), 
	"REFERENCEPROD" VARCHAR2(50 BYTE)
   ) PCTFREE 10 PCTUSED 40 INITRANS 1 MAXTRANS 255 NOCOMPRESS LOGGING
  STORAGE(INITIAL 65536 NEXT 1048576 MINEXTENTS 1 MAXEXTENTS 2147483645
  PCTINCREASE 0 FREELISTS 1 FREELIST GROUPS 1 BUFFER_POOL DEFAULT)
  TABLESPACE "USERS" ;
--------------------------------------------------------
--  DDL for Table PRODUIT
--------------------------------------------------------

  CREATE TABLE "USERL3B"."PRODUIT" 
   (	"REFERENCEPROD" VARCHAR2(50 BYTE), 
	"LIBELLEPRODUIT" VARCHAR2(50 BYTE), 
	"PRIXUHT" NUMBER, 
	"TAUXTVA" NUMBER, 
	"SEUILREAPRO" NUMBER(*,0), 
	"DELAIREAPRO" NUMBER(*,0), 
	"STOCKTEMP" NUMBER(*,0), 
	"ORIGINEPRODUIT" VARCHAR2(20 BYTE), 
	"COULEURPRODUIT" VARCHAR2(10 BYTE), 
	"TAILLEPRODUIT" VARCHAR2(50 BYTE), 
	"STOCKTHEORIQUE" NUMBER(*,0), 
	"NUMFOURNISSEUR" NUMBER(*,0), 
	"NUMCATEGORIE" NUMBER(*,0), 
	"NUMREDUCTION" VARCHAR2(50 BYTE)
   ) PCTFREE 10 PCTUSED 40 INITRANS 1 MAXTRANS 255 NOCOMPRESS LOGGING
  STORAGE(INITIAL 65536 NEXT 1048576 MINEXTENTS 1 MAXEXTENTS 2147483645
  PCTINCREASE 0 FREELISTS 1 FREELIST GROUPS 1 BUFFER_POOL DEFAULT)
  TABLESPACE "USERS" ;
--------------------------------------------------------
--  DDL for Table REALISER
--------------------------------------------------------

  CREATE TABLE "USERL3B"."REALISER" 
   (	"IDINVENTAIRE" NUMBER(2,0), 
	"REFERENCEPROD" VARCHAR2(50 BYTE), 
	"QTEPRODUIT" NUMBER
   ) PCTFREE 10 PCTUSED 40 INITRANS 1 MAXTRANS 255 NOCOMPRESS LOGGING
  STORAGE(INITIAL 65536 NEXT 1048576 MINEXTENTS 1 MAXEXTENTS 2147483645
  PCTINCREASE 0 FREELISTS 1 FREELIST GROUPS 1 BUFFER_POOL DEFAULT)
  TABLESPACE "USERS" ;
REM INSERTING into USERL3B.CLIENT
SET DEFINE OFF;
Insert into USERL3B.CLIENT (NUMCLIENT,NOMCLIENT,PRENOMCLIENT,ADRESSE,CP,VILLE,TELEPHONE,EMAIL) values ('1','Ingram','August','374-4717 Urna Rd.','77000','Oria','0904859813','sit.amet@ipsumCurabiturconsequat.ca');
Insert into USERL3B.CLIENT (NUMCLIENT,NOMCLIENT,PRENOMCLIENT,ADRESSE,CP,VILLE,TELEPHONE,EMAIL) values ('2','Fox','Finn','CP 596, 7424 Consectetuer Rue','89000','Palestrina','0393325109','dapibus.quam@egestas.net');
Insert into USERL3B.CLIENT (NUMCLIENT,NOMCLIENT,PRENOMCLIENT,ADRESSE,CP,VILLE,TELEPHONE,EMAIL) values ('3','Francis','Juliet','4761 Non Chemin','37700','South Dum Dum','0130346868','Vestibulum@purusin.co.uk');
REM INSERTING into USERL3B.COMMANDE
SET DEFINE OFF;
Insert into USERL3B.COMMANDE (NUMCOMMANDE,DATECOMMANDE,MONTANTCOMMANDEHT,STATUTCOMMANDE,NUMCLIENT) values ('3','20160221','65','envoi','3');
Insert into USERL3B.COMMANDE (NUMCOMMANDE,DATECOMMANDE,MONTANTCOMMANDEHT,STATUTCOMMANDE,NUMCLIENT) values ('5','20161106','345','en cours','2');
Insert into USERL3B.COMMANDE (NUMCOMMANDE,DATECOMMANDE,MONTANTCOMMANDEHT,STATUTCOMMANDE,NUMCLIENT) values ('6','20161110','245','en cours','3');
Insert into USERL3B.COMMANDE (NUMCOMMANDE,DATECOMMANDE,MONTANTCOMMANDEHT,STATUTCOMMANDE,NUMCLIENT) values ('7','20161212','874','suspend','1');
REM INSERTING into USERL3B.INVENTAIRE
SET DEFINE OFF;
Insert into USERL3B.INVENTAIRE (IDINVENTAIRE,DATEINVENTAIRE,ETATINVENTAIRE) values ('5','20170331                        ','En_cours                        ');
Insert into USERL3B.INVENTAIRE (IDINVENTAIRE,DATEINVENTAIRE,ETATINVENTAIRE) values ('1','20170313                        ','En_cours                        ');
Insert into USERL3B.INVENTAIRE (IDINVENTAIRE,DATEINVENTAIRE,ETATINVENTAIRE) values ('0','20170313                        ','En_cours                        ');
Insert into USERL3B.INVENTAIRE (IDINVENTAIRE,DATEINVENTAIRE,ETATINVENTAIRE) values ('2','20170313                        ','En_cours                        ');
Insert into USERL3B.INVENTAIRE (IDINVENTAIRE,DATEINVENTAIRE,ETATINVENTAIRE) values ('3','20170313                        ','En_cours                        ');
Insert into USERL3B.INVENTAIRE (IDINVENTAIRE,DATEINVENTAIRE,ETATINVENTAIRE) values ('4','20170313                        ','En_cours                        ');
REM INSERTING into USERL3B.INVENTORISTE
SET DEFINE OFF;
Insert into USERL3B.INVENTORISTE (IDINVENTORISTE,NOMINVENTORISTE,PRENOMINVENTORISTE,ADRESSEINVENTORISTE,COMPLEMENTADRESSEINVENTORISTE,NUMEROTELEPHONEINVENTORISTE,NUMEROTELEFIXEINVENTORISTE,MAILINVENTORISTE) values ('5','maurice                                           ','momo                                              ','avenue','des baumettes','0690232323','0590252525','maurice@mo.com');
Insert into USERL3B.INVENTORISTE (IDINVENTORISTE,NOMINVENTORISTE,PRENOMINVENTORISTE,ADRESSEINVENTORISTE,COMPLEMENTADRESSEINVENTORISTE,NUMEROTELEPHONEINVENTORISTE,NUMEROTELEFIXEINVENTORISTE,MAILINVENTORISTE) values ('4','dsq                                               ','cxw                                               ','cxw','wcxwc','wxc','cxw','cxwc');
Insert into USERL3B.INVENTORISTE (IDINVENTORISTE,NOMINVENTORISTE,PRENOMINVENTORISTE,ADRESSEINVENTORISTE,COMPLEMENTADRESSEINVENTORISTE,NUMEROTELEPHONEINVENTORISTE,NUMEROTELEFIXEINVENTORISTE,MAILINVENTORISTE) values ('2','jean                                              ','jean                                              ','lourd','gyhfgh','0540','0650','mathieu@hotmail.com');
REM INSERTING into USERL3B.LIGNECOMMANDECLIENT
SET DEFINE OFF;
REM INSERTING into USERL3B.PARTICIPER
SET DEFINE OFF;
Insert into USERL3B.PARTICIPER (IDINVENTAIRE,IDINVENTORISTE,REFERENCEPROD) values ('0','4','12VB3X');
Insert into USERL3B.PARTICIPER (IDINVENTAIRE,IDINVENTORISTE,REFERENCEPROD) values ('0','5','P1');
REM INSERTING into USERL3B.PRODUIT
SET DEFINE OFF;
Insert into USERL3B.PRODUIT (REFERENCEPROD,LIBELLEPRODUIT,PRIXUHT,TAUXTVA,SEUILREAPRO,DELAIREAPRO,STOCKTEMP,ORIGINEPRODUIT,COULEURPRODUIT,TAILLEPRODUIT,STOCKTHEORIQUE,NUMFOURNISSEUR,NUMCATEGORIE,NUMREDUCTION) values ('12VB3X','Jean troué','46','3','19','6','46','Belgique','violet','46','84','5','4',null);
Insert into USERL3B.PRODUIT (REFERENCEPROD,LIBELLEPRODUIT,PRIXUHT,TAUXTVA,SEUILREAPRO,DELAIREAPRO,STOCKTEMP,ORIGINEPRODUIT,COULEURPRODUIT,TAILLEPRODUIT,STOCKTHEORIQUE,NUMFOURNISSEUR,NUMCATEGORIE,NUMREDUCTION) values ('P1','Pull rayé','45','17','19','6','5','France','indigo','M','45','1','2',null);
Insert into USERL3B.PRODUIT (REFERENCEPROD,LIBELLEPRODUIT,PRIXUHT,TAUXTVA,SEUILREAPRO,DELAIREAPRO,STOCKTEMP,ORIGINEPRODUIT,COULEURPRODUIT,TAILLEPRODUIT,STOCKTHEORIQUE,NUMFOURNISSEUR,NUMCATEGORIE,NUMREDUCTION) values ('P2','Pull pas rayé','92','96','19','6','75','France','vert','L','78','2','4','SOLDEETE1');
Insert into USERL3B.PRODUIT (REFERENCEPROD,LIBELLEPRODUIT,PRIXUHT,TAUXTVA,SEUILREAPRO,DELAIREAPRO,STOCKTEMP,ORIGINEPRODUIT,COULEURPRODUIT,TAILLEPRODUIT,STOCKTHEORIQUE,NUMFOURNISSEUR,NUMCATEGORIE,NUMREDUCTION) values ('P3','String','25','6','19','6','55','Chine','rouge','XXXXXXXS','76','3','1',null);
Insert into USERL3B.PRODUIT (REFERENCEPROD,LIBELLEPRODUIT,PRIXUHT,TAUXTVA,SEUILREAPRO,DELAIREAPRO,STOCKTEMP,ORIGINEPRODUIT,COULEURPRODUIT,TAILLEPRODUIT,STOCKTHEORIQUE,NUMFOURNISSEUR,NUMCATEGORIE,NUMREDUCTION) values ('RZE564','Caleçon','59','74','19','6','93','France','indigo','XXXXXXXL','11','4','1',null);
REM INSERTING into USERL3B.REALISER
SET DEFINE OFF;
Insert into USERL3B.REALISER (IDINVENTAIRE,REFERENCEPROD,QTEPRODUIT) values ('5','12VB3X','0');
Insert into USERL3B.REALISER (IDINVENTAIRE,REFERENCEPROD,QTEPRODUIT) values ('5','P1','0');
Insert into USERL3B.REALISER (IDINVENTAIRE,REFERENCEPROD,QTEPRODUIT) values ('0','12VB3X','0');
Insert into USERL3B.REALISER (IDINVENTAIRE,REFERENCEPROD,QTEPRODUIT) values ('1','P2','0');
Insert into USERL3B.REALISER (IDINVENTAIRE,REFERENCEPROD,QTEPRODUIT) values ('0','P1','0');
Insert into USERL3B.REALISER (IDINVENTAIRE,REFERENCEPROD,QTEPRODUIT) values ('1','P3','0');
Insert into USERL3B.REALISER (IDINVENTAIRE,REFERENCEPROD,QTEPRODUIT) values ('2','12VB3X','0');
Insert into USERL3B.REALISER (IDINVENTAIRE,REFERENCEPROD,QTEPRODUIT) values ('2','P1','0');
Insert into USERL3B.REALISER (IDINVENTAIRE,REFERENCEPROD,QTEPRODUIT) values ('3','12VB3X','0');
Insert into USERL3B.REALISER (IDINVENTAIRE,REFERENCEPROD,QTEPRODUIT) values ('3','P1','0');
Insert into USERL3B.REALISER (IDINVENTAIRE,REFERENCEPROD,QTEPRODUIT) values ('4','12VB3X','0');
Insert into USERL3B.REALISER (IDINVENTAIRE,REFERENCEPROD,QTEPRODUIT) values ('4','P1','0');
Insert into USERL3B.REALISER (IDINVENTAIRE,REFERENCEPROD,QTEPRODUIT) values ('4','P3','0');
--------------------------------------------------------
--  DDL for Index I_FK_PARTICIPER_INVENTAIRE
--------------------------------------------------------

  CREATE INDEX "USERL3B"."I_FK_PARTICIPER_INVENTAIRE" ON "USERL3B"."PARTICIPER" ("IDINVENTAIRE") 
  PCTFREE 10 INITRANS 2 MAXTRANS 255 COMPUTE STATISTICS 
  STORAGE(INITIAL 65536 NEXT 1048576 MINEXTENTS 1 MAXEXTENTS 2147483645
  PCTINCREASE 0 FREELISTS 1 FREELIST GROUPS 1 BUFFER_POOL DEFAULT)
  TABLESPACE "USERS" ;
--------------------------------------------------------
--  DDL for Index I_FK_PARTICIPER_INVENTORISTE
--------------------------------------------------------

  CREATE INDEX "USERL3B"."I_FK_PARTICIPER_INVENTORISTE" ON "USERL3B"."PARTICIPER" ("IDINVENTORISTE") 
  PCTFREE 10 INITRANS 2 MAXTRANS 255 COMPUTE STATISTICS 
  STORAGE(INITIAL 65536 NEXT 1048576 MINEXTENTS 1 MAXEXTENTS 2147483645
  PCTINCREASE 0 FREELISTS 1 FREELIST GROUPS 1 BUFFER_POOL DEFAULT)
  TABLESPACE "USERS" ;
--------------------------------------------------------
--  DDL for Index I_FK_REALISER_INVENTAIRE
--------------------------------------------------------

  CREATE INDEX "USERL3B"."I_FK_REALISER_INVENTAIRE" ON "USERL3B"."REALISER" ("IDINVENTAIRE") 
  PCTFREE 10 INITRANS 2 MAXTRANS 255 COMPUTE STATISTICS 
  STORAGE(INITIAL 65536 NEXT 1048576 MINEXTENTS 1 MAXEXTENTS 2147483645
  PCTINCREASE 0 FREELISTS 1 FREELIST GROUPS 1 BUFFER_POOL DEFAULT)
  TABLESPACE "USERS" ;
--------------------------------------------------------
--  DDL for Index I_FK_REALISER_PRODUIT
--------------------------------------------------------

  CREATE INDEX "USERL3B"."I_FK_REALISER_PRODUIT" ON "USERL3B"."REALISER" ("REFERENCEPROD") 
  PCTFREE 10 INITRANS 2 MAXTRANS 255 COMPUTE STATISTICS 
  STORAGE(INITIAL 65536 NEXT 1048576 MINEXTENTS 1 MAXEXTENTS 2147483645
  PCTINCREASE 0 FREELISTS 1 FREELIST GROUPS 1 BUFFER_POOL DEFAULT)
  TABLESPACE "USERS" ;
--------------------------------------------------------
--  DDL for Index PK_INVENTAIRE
--------------------------------------------------------

  CREATE UNIQUE INDEX "USERL3B"."PK_INVENTAIRE" ON "USERL3B"."INVENTAIRE" ("IDINVENTAIRE") 
  PCTFREE 10 INITRANS 2 MAXTRANS 255 COMPUTE STATISTICS 
  STORAGE(INITIAL 65536 NEXT 1048576 MINEXTENTS 1 MAXEXTENTS 2147483645
  PCTINCREASE 0 FREELISTS 1 FREELIST GROUPS 1 BUFFER_POOL DEFAULT)
  TABLESPACE "USERS" ;
--------------------------------------------------------
--  DDL for Index PK_LIGNCOMCLI
--------------------------------------------------------

  CREATE UNIQUE INDEX "USERL3B"."PK_LIGNCOMCLI" ON "USERL3B"."LIGNECOMMANDECLIENT" ("NUMCOMMANDE", "REFERENCEPROD") 
  PCTFREE 10 INITRANS 2 MAXTRANS 255 COMPUTE STATISTICS 
  STORAGE(INITIAL 65536 NEXT 1048576 MINEXTENTS 1 MAXEXTENTS 2147483645
  PCTINCREASE 0 FREELISTS 1 FREELIST GROUPS 1 BUFFER_POOL DEFAULT)
  TABLESPACE "USERS" ;
--------------------------------------------------------
--  DDL for Index PK_PARTICIPER
--------------------------------------------------------

  CREATE UNIQUE INDEX "USERL3B"."PK_PARTICIPER" ON "USERL3B"."PARTICIPER" ("IDINVENTAIRE", "IDINVENTORISTE") 
  PCTFREE 10 INITRANS 2 MAXTRANS 255 COMPUTE STATISTICS 
  STORAGE(INITIAL 65536 NEXT 1048576 MINEXTENTS 1 MAXEXTENTS 2147483645
  PCTINCREASE 0 FREELISTS 1 FREELIST GROUPS 1 BUFFER_POOL DEFAULT)
  TABLESPACE "USERS" ;
--------------------------------------------------------
--  DDL for Index PK_REALISER
--------------------------------------------------------

  CREATE UNIQUE INDEX "USERL3B"."PK_REALISER" ON "USERL3B"."REALISER" ("IDINVENTAIRE", "REFERENCEPROD") 
  PCTFREE 10 INITRANS 2 MAXTRANS 255 COMPUTE STATISTICS 
  STORAGE(INITIAL 65536 NEXT 1048576 MINEXTENTS 1 MAXEXTENTS 2147483645
  PCTINCREASE 0 FREELISTS 1 FREELIST GROUPS 1 BUFFER_POOL DEFAULT)
  TABLESPACE "USERS" ;
--------------------------------------------------------
--  DDL for Index SYS_C004048
--------------------------------------------------------

  CREATE UNIQUE INDEX "USERL3B"."SYS_C004048" ON "USERL3B"."CLIENT" ("NUMCLIENT") 
  PCTFREE 10 INITRANS 2 MAXTRANS 255 COMPUTE STATISTICS 
  STORAGE(INITIAL 65536 NEXT 1048576 MINEXTENTS 1 MAXEXTENTS 2147483645
  PCTINCREASE 0 FREELISTS 1 FREELIST GROUPS 1 BUFFER_POOL DEFAULT)
  TABLESPACE "USERS" ;
--------------------------------------------------------
--  DDL for Index SYS_C004051
--------------------------------------------------------

  CREATE UNIQUE INDEX "USERL3B"."SYS_C004051" ON "USERL3B"."COMMANDE" ("NUMCOMMANDE") 
  PCTFREE 10 INITRANS 2 MAXTRANS 255 COMPUTE STATISTICS 
  STORAGE(INITIAL 65536 NEXT 1048576 MINEXTENTS 1 MAXEXTENTS 2147483645
  PCTINCREASE 0 FREELISTS 1 FREELIST GROUPS 1 BUFFER_POOL DEFAULT)
  TABLESPACE "USERS" ;
--------------------------------------------------------
--  DDL for Index SYS_C004055
--------------------------------------------------------

  CREATE UNIQUE INDEX "USERL3B"."SYS_C004055" ON "USERL3B"."INVENTORISTE" ("IDINVENTORISTE") 
  PCTFREE 10 INITRANS 2 MAXTRANS 255 COMPUTE STATISTICS 
  STORAGE(INITIAL 65536 NEXT 1048576 MINEXTENTS 1 MAXEXTENTS 2147483645
  PCTINCREASE 0 FREELISTS 1 FREELIST GROUPS 1 BUFFER_POOL DEFAULT)
  TABLESPACE "USERS" ;
--------------------------------------------------------
--  DDL for Index SYS_C004069
--------------------------------------------------------

  CREATE UNIQUE INDEX "USERL3B"."SYS_C004069" ON "USERL3B"."PRODUIT" ("REFERENCEPROD") 
  PCTFREE 10 INITRANS 2 MAXTRANS 255 COMPUTE STATISTICS 
  STORAGE(INITIAL 65536 NEXT 1048576 MINEXTENTS 1 MAXEXTENTS 2147483645
  PCTINCREASE 0 FREELISTS 1 FREELIST GROUPS 1 BUFFER_POOL DEFAULT)
  TABLESPACE "USERS" ;
--------------------------------------------------------
--  Constraints for Table CLIENT
--------------------------------------------------------

  ALTER TABLE "USERL3B"."CLIENT" MODIFY ("NUMCLIENT" NOT NULL ENABLE);
 
  ALTER TABLE "USERL3B"."CLIENT" MODIFY ("NOMCLIENT" NOT NULL ENABLE);
 
  ALTER TABLE "USERL3B"."CLIENT" MODIFY ("PRENOMCLIENT" NOT NULL ENABLE);
 
  ALTER TABLE "USERL3B"."CLIENT" MODIFY ("ADRESSE" NOT NULL ENABLE);
 
  ALTER TABLE "USERL3B"."CLIENT" MODIFY ("CP" NOT NULL ENABLE);
 
  ALTER TABLE "USERL3B"."CLIENT" MODIFY ("VILLE" NOT NULL ENABLE);
 
  ALTER TABLE "USERL3B"."CLIENT" MODIFY ("TELEPHONE" NOT NULL ENABLE);
 
  ALTER TABLE "USERL3B"."CLIENT" MODIFY ("EMAIL" NOT NULL ENABLE);
 
  ALTER TABLE "USERL3B"."CLIENT" ADD PRIMARY KEY ("NUMCLIENT")
  USING INDEX PCTFREE 10 INITRANS 2 MAXTRANS 255 COMPUTE STATISTICS 
  STORAGE(INITIAL 65536 NEXT 1048576 MINEXTENTS 1 MAXEXTENTS 2147483645
  PCTINCREASE 0 FREELISTS 1 FREELIST GROUPS 1 BUFFER_POOL DEFAULT)
  TABLESPACE "USERS"  ENABLE;
--------------------------------------------------------
--  Constraints for Table COMMANDE
--------------------------------------------------------

  ALTER TABLE "USERL3B"."COMMANDE" MODIFY ("NUMCOMMANDE" NOT NULL ENABLE);
 
  ALTER TABLE "USERL3B"."COMMANDE" MODIFY ("NUMCLIENT" NOT NULL ENABLE);
 
  ALTER TABLE "USERL3B"."COMMANDE" ADD PRIMARY KEY ("NUMCOMMANDE")
  USING INDEX PCTFREE 10 INITRANS 2 MAXTRANS 255 COMPUTE STATISTICS 
  STORAGE(INITIAL 65536 NEXT 1048576 MINEXTENTS 1 MAXEXTENTS 2147483645
  PCTINCREASE 0 FREELISTS 1 FREELIST GROUPS 1 BUFFER_POOL DEFAULT)
  TABLESPACE "USERS"  ENABLE;
--------------------------------------------------------
--  Constraints for Table INVENTAIRE
--------------------------------------------------------

  ALTER TABLE "USERL3B"."INVENTAIRE" ADD CONSTRAINT "PK_INVENTAIRE" PRIMARY KEY ("IDINVENTAIRE")
  USING INDEX PCTFREE 10 INITRANS 2 MAXTRANS 255 COMPUTE STATISTICS 
  STORAGE(INITIAL 65536 NEXT 1048576 MINEXTENTS 1 MAXEXTENTS 2147483645
  PCTINCREASE 0 FREELISTS 1 FREELIST GROUPS 1 BUFFER_POOL DEFAULT)
  TABLESPACE "USERS"  ENABLE;
 
  ALTER TABLE "USERL3B"."INVENTAIRE" MODIFY ("IDINVENTAIRE" NOT NULL ENABLE);
--------------------------------------------------------
--  Constraints for Table INVENTORISTE
--------------------------------------------------------

  ALTER TABLE "USERL3B"."INVENTORISTE" MODIFY ("IDINVENTORISTE" NOT NULL ENABLE);
 
  ALTER TABLE "USERL3B"."INVENTORISTE" ADD PRIMARY KEY ("IDINVENTORISTE")
  USING INDEX PCTFREE 10 INITRANS 2 MAXTRANS 255 COMPUTE STATISTICS 
  STORAGE(INITIAL 65536 NEXT 1048576 MINEXTENTS 1 MAXEXTENTS 2147483645
  PCTINCREASE 0 FREELISTS 1 FREELIST GROUPS 1 BUFFER_POOL DEFAULT)
  TABLESPACE "USERS"  ENABLE;
--------------------------------------------------------
--  Constraints for Table LIGNECOMMANDECLIENT
--------------------------------------------------------

  ALTER TABLE "USERL3B"."LIGNECOMMANDECLIENT" ADD CONSTRAINT "PK_LIGNCOMCLI" PRIMARY KEY ("NUMCOMMANDE", "REFERENCEPROD")
  USING INDEX PCTFREE 10 INITRANS 2 MAXTRANS 255 COMPUTE STATISTICS 
  STORAGE(INITIAL 65536 NEXT 1048576 MINEXTENTS 1 MAXEXTENTS 2147483645
  PCTINCREASE 0 FREELISTS 1 FREELIST GROUPS 1 BUFFER_POOL DEFAULT)
  TABLESPACE "USERS"  ENABLE;
 
  ALTER TABLE "USERL3B"."LIGNECOMMANDECLIENT" MODIFY ("NUMCOMMANDE" NOT NULL ENABLE);
 
  ALTER TABLE "USERL3B"."LIGNECOMMANDECLIENT" MODIFY ("REFERENCEPROD" NOT NULL ENABLE);
 
  ALTER TABLE "USERL3B"."LIGNECOMMANDECLIENT" MODIFY ("QUANTITEPRODUIT" NOT NULL ENABLE);
--------------------------------------------------------
--  Constraints for Table PARTICIPER
--------------------------------------------------------

  ALTER TABLE "USERL3B"."PARTICIPER" ADD CONSTRAINT "PK_PARTICIPER" PRIMARY KEY ("IDINVENTAIRE", "IDINVENTORISTE")
  USING INDEX PCTFREE 10 INITRANS 2 MAXTRANS 255 COMPUTE STATISTICS 
  STORAGE(INITIAL 65536 NEXT 1048576 MINEXTENTS 1 MAXEXTENTS 2147483645
  PCTINCREASE 0 FREELISTS 1 FREELIST GROUPS 1 BUFFER_POOL DEFAULT)
  TABLESPACE "USERS"  ENABLE;
 
  ALTER TABLE "USERL3B"."PARTICIPER" MODIFY ("IDINVENTAIRE" NOT NULL ENABLE);
 
  ALTER TABLE "USERL3B"."PARTICIPER" MODIFY ("IDINVENTORISTE" NOT NULL ENABLE);
--------------------------------------------------------
--  Constraints for Table PRODUIT
--------------------------------------------------------

  ALTER TABLE "USERL3B"."PRODUIT" MODIFY ("REFERENCEPROD" NOT NULL ENABLE);
 
  ALTER TABLE "USERL3B"."PRODUIT" MODIFY ("ORIGINEPRODUIT" NOT NULL ENABLE);
 
  ALTER TABLE "USERL3B"."PRODUIT" MODIFY ("COULEURPRODUIT" NOT NULL ENABLE);
 
  ALTER TABLE "USERL3B"."PRODUIT" MODIFY ("TAILLEPRODUIT" NOT NULL ENABLE);
 
  ALTER TABLE "USERL3B"."PRODUIT" MODIFY ("NUMFOURNISSEUR" NOT NULL ENABLE);
 
  ALTER TABLE "USERL3B"."PRODUIT" MODIFY ("NUMCATEGORIE" NOT NULL ENABLE);
 
  ALTER TABLE "USERL3B"."PRODUIT" ADD PRIMARY KEY ("REFERENCEPROD")
  USING INDEX PCTFREE 10 INITRANS 2 MAXTRANS 255 COMPUTE STATISTICS 
  STORAGE(INITIAL 65536 NEXT 1048576 MINEXTENTS 1 MAXEXTENTS 2147483645
  PCTINCREASE 0 FREELISTS 1 FREELIST GROUPS 1 BUFFER_POOL DEFAULT)
  TABLESPACE "USERS"  ENABLE;
--------------------------------------------------------
--  Constraints for Table REALISER
--------------------------------------------------------

  ALTER TABLE "USERL3B"."REALISER" ADD CONSTRAINT "PK_REALISER" PRIMARY KEY ("IDINVENTAIRE", "REFERENCEPROD")
  USING INDEX PCTFREE 10 INITRANS 2 MAXTRANS 255 COMPUTE STATISTICS 
  STORAGE(INITIAL 65536 NEXT 1048576 MINEXTENTS 1 MAXEXTENTS 2147483645
  PCTINCREASE 0 FREELISTS 1 FREELIST GROUPS 1 BUFFER_POOL DEFAULT)
  TABLESPACE "USERS"  ENABLE;
 
  ALTER TABLE "USERL3B"."REALISER" MODIFY ("IDINVENTAIRE" NOT NULL ENABLE);
 
  ALTER TABLE "USERL3B"."REALISER" MODIFY ("REFERENCEPROD" NOT NULL ENABLE);
--------------------------------------------------------
--  Ref Constraints for Table COMMANDE
--------------------------------------------------------

  ALTER TABLE "USERL3B"."COMMANDE" ADD CONSTRAINT "FK_NUMCLICOM" FOREIGN KEY ("NUMCLIENT")
	  REFERENCES "USERL3B"."CLIENT" ("NUMCLIENT") ENABLE;
--------------------------------------------------------
--  Ref Constraints for Table LIGNECOMMANDECLIENT
--------------------------------------------------------

  ALTER TABLE "USERL3B"."LIGNECOMMANDECLIENT" ADD CONSTRAINT "FK_LIGNCOMCLICOM" FOREIGN KEY ("NUMCOMMANDE")
	  REFERENCES "USERL3B"."COMMANDE" ("NUMCOMMANDE") ENABLE;
 
  ALTER TABLE "USERL3B"."LIGNECOMMANDECLIENT" ADD CONSTRAINT "FK_LIGNCOMCLIPROD" FOREIGN KEY ("REFERENCEPROD")
	  REFERENCES "USERL3B"."PRODUIT" ("REFERENCEPROD") ENABLE;
--------------------------------------------------------
--  Ref Constraints for Table PARTICIPER
--------------------------------------------------------

  ALTER TABLE "USERL3B"."PARTICIPER" ADD CONSTRAINT "FK_PARTICIPER_INVENTAIRE" FOREIGN KEY ("IDINVENTAIRE")
	  REFERENCES "USERL3B"."INVENTAIRE" ("IDINVENTAIRE") ENABLE;
 
  ALTER TABLE "USERL3B"."PARTICIPER" ADD CONSTRAINT "FK_PARTICIPER_INVENTORISTE" FOREIGN KEY ("IDINVENTORISTE")
	  REFERENCES "USERL3B"."INVENTORISTE" ("IDINVENTORISTE") ENABLE;
 
  ALTER TABLE "USERL3B"."PARTICIPER" ADD CONSTRAINT "FK_PARTICIPER_REFERENCEPROD" FOREIGN KEY ("REFERENCEPROD")
	  REFERENCES "USERL3B"."PRODUIT" ("REFERENCEPROD") ENABLE;
--------------------------------------------------------
--  Ref Constraints for Table REALISER
--------------------------------------------------------

  ALTER TABLE "USERL3B"."REALISER" ADD CONSTRAINT "FK_REALISER_INVENTAIRE" FOREIGN KEY ("IDINVENTAIRE")
	  REFERENCES "USERL3B"."INVENTAIRE" ("IDINVENTAIRE") ENABLE;
 
  ALTER TABLE "USERL3B"."REALISER" ADD CONSTRAINT "FK_REALISER_PRODUIT" FOREIGN KEY ("REFERENCEPROD")
	  REFERENCES "USERL3B"."PRODUIT" ("REFERENCEPROD") ENABLE;
